[{
    "id": 1,
    "title": "Teresa"
  }, {
    "id": 2,
    "title": "Jo-ann"
  }, {
    "id": 3,
    "title": "Shae"
  }, {
    "id": 4,
    "title": "Doti"
  }, {
    "id": 5,
    "title": "Claybourne"
  }, {
    "id": 6,
    "title": "Melva"
  }, {
    "id": 7,
    "title": "Irita"
  }, {
    "id": 8,
    "title": "Ethan"
  }, {
    "id": 9,
    "title": "Claudette"
  }, {
    "id": 10,
    "title": "Dal"
  }, {
    "id": 11,
    "title": "Britt"
  }, {
    "id": 12,
    "title": "Reggie"
  }, {
    "id": 13,
    "title": "Nils"
  }, {
    "id": 14,
    "title": "Aile"
  }, {
    "id": 15,
    "title": "Roger"
  }, {
    "id": 16,
    "title": "Butch"
  }, {
    "id": 17,
    "title": "Germana"
  }, {
    "id": 18,
    "title": "Iain"
  }, {
    "id": 19,
    "title": "Didi"
  }, {
    "id": 20,
    "title": "Fayette"
  }, {
    "id": 21,
    "title": "Correna"
  }, {
    "id": 22,
    "title": "Hadrian"
  }, {
    "id": 23,
    "title": "Joli"
  }, {
    "id": 24,
    "title": "Sawyere"
  }, {
    "id": 25,
    "title": "Gert"
  }, {
    "id": 26,
    "title": "Madelina"
  }, {
    "id": 27,
    "title": "Archaimbaud"
  }, {
    "id": 28,
    "title": "Ediva"
  }, {
    "id": 29,
    "title": "Kain"
  }, {
    "id": 30,
    "title": "Jillane"
  }, {
    "id": 31,
    "title": "Danna"
  }, {
    "id": 32,
    "title": "Pierrette"
  }, {
    "id": 33,
    "title": "Alvis"
  }, {
    "id": 34,
    "title": "Rudyard"
  }, {
    "id": 35,
    "title": "Irwinn"
  }, {
    "id": 36,
    "title": "Doroteya"
  }, {
    "id": 37,
    "title": "Ricky"
  }, {
    "id": 38,
    "title": "Thibaud"
  }, {
    "id": 39,
    "title": "Lavina"
  }, {
    "id": 40,
    "title": "Fenelia"
  }, {
    "id": 41,
    "title": "Fidelity"
  }, {
    "id": 42,
    "title": "Ertha"
  }, {
    "id": 43,
    "title": "Andriette"
  }, {
    "id": 44,
    "title": "Thatch"
  }, {
    "id": 45,
    "title": "Cliff"
  }, {
    "id": 46,
    "title": "Westley"
  }, {
    "id": 47,
    "title": "Page"
  }, {
    "id": 48,
    "title": "Odie"
  }, {
    "id": 49,
    "title": "Serene"
  }, {
    "id": 50,
    "title": "Livia"
  }, {
    "id": 51,
    "title": "Corene"
  }, {
    "id": 52,
    "title": "Anne-corinne"
  }, {
    "id": 53,
    "title": "Brewster"
  }, {
    "id": 54,
    "title": "Dianemarie"
  }, {
    "id": 55,
    "title": "Den"
  }, {
    "id": 56,
    "title": "Emlynne"
  }, {
    "id": 57,
    "title": "Torrey"
  }, {
    "id": 58,
    "title": "Enos"
  }, {
    "id": 59,
    "title": "Lindsy"
  }, {
    "id": 60,
    "title": "Flem"
  }, {
    "id": 61,
    "title": "Barnebas"
  }, {
    "id": 62,
    "title": "Haven"
  }, {
    "id": 63,
    "title": "Vinni"
  }, {
    "id": 64,
    "title": "Georgie"
  }, {
    "id": 65,
    "title": "Darsie"
  }, {
    "id": 66,
    "title": "Miquela"
  }, {
    "id": 67,
    "title": "Amii"
  }, {
    "id": 68,
    "title": "Corenda"
  }, {
    "id": 69,
    "title": "Melba"
  }, {
    "id": 70,
    "title": "Zebadiah"
  }, {
    "id": 71,
    "title": "Zaneta"
  }, {
    "id": 72,
    "title": "Isaac"
  }, {
    "id": 73,
    "title": "Carley"
  }, {
    "id": 74,
    "title": "Jon"
  }, {
    "id": 75,
    "title": "Connie"
  }, {
    "id": 76,
    "title": "Lin"
  }, {
    "id": 77,
    "title": "Carin"
  }, {
    "id": 78,
    "title": "Gustave"
  }, {
    "id": 79,
    "title": "Florence"
  }, {
    "id": 80,
    "title": "Ado"
  }, {
    "id": 81,
    "title": "Correna"
  }, {
    "id": 82,
    "title": "Melamie"
  }, {
    "id": 83,
    "title": "Sherry"
  }, {
    "id": 84,
    "title": "Amalee"
  }, {
    "id": 85,
    "title": "Rutledge"
  }, {
    "id": 86,
    "title": "Antonius"
  }, {
    "id": 87,
    "title": "Othilie"
  }, {
    "id": 88,
    "title": "Hedi"
  }, {
    "id": 89,
    "title": "Kevina"
  }, {
    "id": 90,
    "title": "Martie"
  }, {
    "id": 91,
    "title": "Say"
  }, {
    "id": 92,
    "title": "Susan"
  }, {
    "id": 93,
    "title": "Audrey"
  }, {
    "id": 94,
    "title": "Sharlene"
  }, {
    "id": 95,
    "title": "Babette"
  }, {
    "id": 96,
    "title": "Nikita"
  }, {
    "id": 97,
    "title": "Katalin"
  }, {
    "id": 98,
    "title": "Nadya"
  }, {
    "id": 99,
    "title": "Gram"
  }, {
    "id": 100,
    "title": "Blanche"
  }]